supplysector,subsector0,subsector,year,input.OM.fixed,OM.fixed,intermittent.technology
base load generation,wind,wind_base,1975,OM-fixed,11.08,wind_base
base load generation,wind,wind_base,1990,OM-fixed,11.08,wind_base
base load generation,wind,wind_base,2005,OM-fixed,11.08,wind_base
base load generation,wind,wind_base,2010,OM-fixed,11.08,wind_base
base load generation,wind,wind_base,2015,OM-fixed,11.08,wind_base
base load generation,wind,wind_base,2021,OM-fixed,7.71,wind_base
base load generation,wind,wind_base,2025,OM-fixed,7.36,wind_base
base load generation,wind,wind_base,2030,OM-fixed,6.9,wind_base
base load generation,wind,wind_base,2035,OM-fixed,6.66,wind_base
base load generation,wind,wind_base,2040,OM-fixed,6.42,wind_base
base load generation,wind,wind_base,2045,OM-fixed,6.19,wind_base
base load generation,wind,wind_base,2050,OM-fixed,5.95,wind_base
base load generation,wind,wind_base,2055,OM-fixed,5.92,wind_base
base load generation,wind,wind_base,2060,OM-fixed,5.89,wind_base
base load generation,wind,wind_base,2065,OM-fixed,5.86,wind_base
base load generation,wind,wind_base,2070,OM-fixed,5.83,wind_base
base load generation,wind,wind_base,2075,OM-fixed,5.8,wind_base
base load generation,wind,wind_base,2080,OM-fixed,5.77,wind_base
base load generation,wind,wind_base,2085,OM-fixed,5.75,wind_base
base load generation,wind,wind_base,2090,OM-fixed,5.72,wind_base
base load generation,wind,wind_base,2095,OM-fixed,5.69,wind_base
base load generation,wind,wind_base,2100,OM-fixed,5.66,wind_base
base load generation,wind,wind_base_offshore,1975,OM-fixed,21.42,wind_base_offshore
base load generation,wind,wind_base_offshore,1990,OM-fixed,21.42,wind_base_offshore
base load generation,wind,wind_base_offshore,2005,OM-fixed,21.42,wind_base_offshore
base load generation,wind,wind_base_offshore,2010,OM-fixed,21.42,wind_base_offshore
base load generation,wind,wind_base_offshore,2015,OM-fixed,21.42,wind_base_offshore
base load generation,wind,wind_base_offshore,2021,OM-fixed,21.42,wind_base_offshore
base load generation,wind,wind_base_offshore,2025,OM-fixed,19.67,wind_base_offshore
base load generation,wind,wind_base_offshore,2030,OM-fixed,18.47,wind_base_offshore
base load generation,wind,wind_base_offshore,2035,OM-fixed,17.45,wind_base_offshore
base load generation,wind,wind_base_offshore,2040,OM-fixed,17,wind_base_offshore
base load generation,wind,wind_base_offshore,2045,OM-fixed,16.66,wind_base_offshore
base load generation,wind,wind_base_offshore,2050,OM-fixed,16.39,wind_base_offshore
base load generation,wind,wind_base_offshore,2055,OM-fixed,16.31,wind_base_offshore
base load generation,wind,wind_base_offshore,2060,OM-fixed,16.22,wind_base_offshore
base load generation,wind,wind_base_offshore,2065,OM-fixed,16.14,wind_base_offshore
base load generation,wind,wind_base_offshore,2070,OM-fixed,16.06,wind_base_offshore
base load generation,wind,wind_base_offshore,2075,OM-fixed,15.98,wind_base_offshore
base load generation,wind,wind_base_offshore,2080,OM-fixed,15.9,wind_base_offshore
base load generation,wind,wind_base_offshore,2085,OM-fixed,15.82,wind_base_offshore
base load generation,wind,wind_base_offshore,2090,OM-fixed,15.74,wind_base_offshore
base load generation,wind,wind_base_offshore,2095,OM-fixed,15.67,wind_base_offshore
base load generation,wind,wind_base_offshore,2100,OM-fixed,15.59,wind_base_offshore
elect_td_bld,rooftop_pv,rooftop_pv,1975,OM-fixed,6.39,rooftop_pv
elect_td_bld,rooftop_pv,rooftop_pv,1990,OM-fixed,6.39,rooftop_pv
elect_td_bld,rooftop_pv,rooftop_pv,2005,OM-fixed,6.39,rooftop_pv
elect_td_bld,rooftop_pv,rooftop_pv,2010,OM-fixed,6.39,rooftop_pv
elect_td_bld,rooftop_pv,rooftop_pv,2015,OM-fixed,6.39,rooftop_pv
elect_td_bld,rooftop_pv,rooftop_pv,2021,OM-fixed,6.39,rooftop_pv
elect_td_bld,rooftop_pv,rooftop_pv,2025,OM-fixed,5.5,rooftop_pv
elect_td_bld,rooftop_pv,rooftop_pv,2030,OM-fixed,4.76,rooftop_pv
elect_td_bld,rooftop_pv,rooftop_pv,2035,OM-fixed,4.02,rooftop_pv
elect_td_bld,rooftop_pv,rooftop_pv,2040,OM-fixed,3.72,rooftop_pv
elect_td_bld,rooftop_pv,rooftop_pv,2045,OM-fixed,3.42,rooftop_pv
elect_td_bld,rooftop_pv,rooftop_pv,2050,OM-fixed,3.12,rooftop_pv
elect_td_bld,rooftop_pv,rooftop_pv,2055,OM-fixed,3.11,rooftop_pv
elect_td_bld,rooftop_pv,rooftop_pv,2060,OM-fixed,3.09,rooftop_pv
elect_td_bld,rooftop_pv,rooftop_pv,2065,OM-fixed,3.07,rooftop_pv
elect_td_bld,rooftop_pv,rooftop_pv,2070,OM-fixed,3.06,rooftop_pv
elect_td_bld,rooftop_pv,rooftop_pv,2075,OM-fixed,3.04,rooftop_pv
elect_td_bld,rooftop_pv,rooftop_pv,2080,OM-fixed,3.03,rooftop_pv
elect_td_bld,rooftop_pv,rooftop_pv,2085,OM-fixed,3.01,rooftop_pv
elect_td_bld,rooftop_pv,rooftop_pv,2090,OM-fixed,3,rooftop_pv
elect_td_bld,rooftop_pv,rooftop_pv,2095,OM-fixed,2.98,rooftop_pv
elect_td_bld,rooftop_pv,rooftop_pv,2100,OM-fixed,2.97,rooftop_pv
intermediate generation,solar,CSP_int,1975,OM-fixed,15.77,CSP_int (dry_hybrid)
intermediate generation,solar,CSP_int,1990,OM-fixed,15.77,CSP_int (dry_hybrid)
intermediate generation,solar,CSP_int,2005,OM-fixed,15.77,CSP_int (dry_hybrid)
intermediate generation,solar,CSP_int,2010,OM-fixed,15.77,CSP_int (dry_hybrid)
intermediate generation,solar,CSP_int,2015,OM-fixed,15.77,CSP_int (dry_hybrid)
intermediate generation,solar,CSP_int,2021,OM-fixed,14.95,CSP_int (dry_hybrid)
intermediate generation,solar,CSP_int,2025,OM-fixed,13.47,CSP_int (dry_hybrid)
intermediate generation,solar,CSP_int,2030,OM-fixed,11.02,CSP_int (dry_hybrid)
intermediate generation,solar,CSP_int,2035,OM-fixed,10.87,CSP_int (dry_hybrid)
intermediate generation,solar,CSP_int,2040,OM-fixed,10.72,CSP_int (dry_hybrid)
intermediate generation,solar,CSP_int,2045,OM-fixed,10.57,CSP_int (dry_hybrid)
intermediate generation,solar,CSP_int,2050,OM-fixed,10.42,CSP_int (dry_hybrid)
intermediate generation,solar,CSP_int,2055,OM-fixed,10.36,CSP_int (dry_hybrid)
intermediate generation,solar,CSP_int,2060,OM-fixed,10.31,CSP_int (dry_hybrid)
intermediate generation,solar,CSP_int,2065,OM-fixed,10.26,CSP_int (dry_hybrid)
intermediate generation,solar,CSP_int,2070,OM-fixed,10.21,CSP_int (dry_hybrid)
intermediate generation,solar,CSP_int,2075,OM-fixed,10.16,CSP_int (dry_hybrid)
intermediate generation,solar,CSP_int,2080,OM-fixed,10.11,CSP_int (dry_hybrid)
intermediate generation,solar,CSP_int,2085,OM-fixed,10.06,CSP_int (dry_hybrid)
intermediate generation,solar,CSP_int,2090,OM-fixed,10.01,CSP_int (dry_hybrid)
intermediate generation,solar,CSP_int,2095,OM-fixed,9.96,CSP_int (dry_hybrid)
intermediate generation,solar,CSP_int,2100,OM-fixed,9.91,CSP_int (dry_hybrid)
intermediate generation,solar,CSP_int,1975,OM-fixed,15.77,CSP_int (recirculating)
intermediate generation,solar,CSP_int,1990,OM-fixed,15.77,CSP_int (recirculating)
intermediate generation,solar,CSP_int,2005,OM-fixed,15.77,CSP_int (recirculating)
intermediate generation,solar,CSP_int,2010,OM-fixed,15.77,CSP_int (recirculating)
intermediate generation,solar,CSP_int,2015,OM-fixed,15.77,CSP_int (recirculating)
intermediate generation,solar,CSP_int,2021,OM-fixed,14.95,CSP_int (recirculating)
intermediate generation,solar,CSP_int,2025,OM-fixed,13.47,CSP_int (recirculating)
intermediate generation,solar,CSP_int,2030,OM-fixed,11.02,CSP_int (recirculating)
intermediate generation,solar,CSP_int,2035,OM-fixed,10.87,CSP_int (recirculating)
intermediate generation,solar,CSP_int,2040,OM-fixed,10.72,CSP_int (recirculating)
intermediate generation,solar,CSP_int,2045,OM-fixed,10.57,CSP_int (recirculating)
intermediate generation,solar,CSP_int,2050,OM-fixed,10.42,CSP_int (recirculating)
intermediate generation,solar,CSP_int,2055,OM-fixed,10.36,CSP_int (recirculating)
intermediate generation,solar,CSP_int,2060,OM-fixed,10.31,CSP_int (recirculating)
intermediate generation,solar,CSP_int,2065,OM-fixed,10.26,CSP_int (recirculating)
intermediate generation,solar,CSP_int,2070,OM-fixed,10.21,CSP_int (recirculating)
intermediate generation,solar,CSP_int,2075,OM-fixed,10.16,CSP_int (recirculating)
intermediate generation,solar,CSP_int,2080,OM-fixed,10.11,CSP_int (recirculating)
intermediate generation,solar,CSP_int,2085,OM-fixed,10.06,CSP_int (recirculating)
intermediate generation,solar,CSP_int,2090,OM-fixed,10.01,CSP_int (recirculating)
intermediate generation,solar,CSP_int,2095,OM-fixed,9.96,CSP_int (recirculating)
intermediate generation,solar,CSP_int,2100,OM-fixed,9.91,CSP_int (recirculating)
intermediate generation,solar,PV_int,1975,OM-fixed,8.41,PV_int
intermediate generation,solar,PV_int,1990,OM-fixed,8.41,PV_int
intermediate generation,solar,PV_int,2005,OM-fixed,8.41,PV_int
intermediate generation,solar,PV_int,2010,OM-fixed,8.41,PV_int
intermediate generation,solar,PV_int,2015,OM-fixed,7.69,PV_int
intermediate generation,solar,PV_int,2021,OM-fixed,5.73,PV_int
intermediate generation,solar,PV_int,2025,OM-fixed,4.95,PV_int
intermediate generation,solar,PV_int,2030,OM-fixed,4.24,PV_int
intermediate generation,solar,PV_int,2035,OM-fixed,3.54,PV_int
intermediate generation,solar,PV_int,2040,OM-fixed,3.36,PV_int
intermediate generation,solar,PV_int,2045,OM-fixed,3.18,PV_int
intermediate generation,solar,PV_int,2050,OM-fixed,3.01,PV_int
intermediate generation,solar,PV_int,2055,OM-fixed,2.99,PV_int
intermediate generation,solar,PV_int,2060,OM-fixed,2.98,PV_int
intermediate generation,solar,PV_int,2065,OM-fixed,2.96,PV_int
intermediate generation,solar,PV_int,2070,OM-fixed,2.95,PV_int
intermediate generation,solar,PV_int,2075,OM-fixed,2.93,PV_int
intermediate generation,solar,PV_int,2080,OM-fixed,2.92,PV_int
intermediate generation,solar,PV_int,2085,OM-fixed,2.9,PV_int
intermediate generation,solar,PV_int,2090,OM-fixed,2.89,PV_int
intermediate generation,solar,PV_int,2095,OM-fixed,2.88,PV_int
intermediate generation,solar,PV_int,2100,OM-fixed,2.86,PV_int
intermediate generation,wind,wind_int,1975,OM-fixed,11.08,wind_int
intermediate generation,wind,wind_int,1990,OM-fixed,11.08,wind_int
intermediate generation,wind,wind_int,2005,OM-fixed,11.08,wind_int
intermediate generation,wind,wind_int,2010,OM-fixed,11.08,wind_int
intermediate generation,wind,wind_int,2015,OM-fixed,11.08,wind_int
intermediate generation,wind,wind_int,2021,OM-fixed,7.71,wind_int
intermediate generation,wind,wind_int,2025,OM-fixed,7.36,wind_int
intermediate generation,wind,wind_int,2030,OM-fixed,6.9,wind_int
intermediate generation,wind,wind_int,2035,OM-fixed,6.66,wind_int
intermediate generation,wind,wind_int,2040,OM-fixed,6.42,wind_int
intermediate generation,wind,wind_int,2045,OM-fixed,6.19,wind_int
intermediate generation,wind,wind_int,2050,OM-fixed,5.95,wind_int
intermediate generation,wind,wind_int,2055,OM-fixed,5.92,wind_int
intermediate generation,wind,wind_int,2060,OM-fixed,5.89,wind_int
intermediate generation,wind,wind_int,2065,OM-fixed,5.86,wind_int
intermediate generation,wind,wind_int,2070,OM-fixed,5.83,wind_int
intermediate generation,wind,wind_int,2075,OM-fixed,5.8,wind_int
intermediate generation,wind,wind_int,2080,OM-fixed,5.77,wind_int
intermediate generation,wind,wind_int,2085,OM-fixed,5.75,wind_int
intermediate generation,wind,wind_int,2090,OM-fixed,5.72,wind_int
intermediate generation,wind,wind_int,2095,OM-fixed,5.69,wind_int
intermediate generation,wind,wind_int,2100,OM-fixed,5.66,wind_int
peak generation,solar,CSP_peak,1975,OM-fixed,15.77,CSP_peak (dry_hybrid)
peak generation,solar,CSP_peak,1990,OM-fixed,15.77,CSP_peak (dry_hybrid)
peak generation,solar,CSP_peak,2005,OM-fixed,15.77,CSP_peak (dry_hybrid)
peak generation,solar,CSP_peak,2010,OM-fixed,15.77,CSP_peak (dry_hybrid)
peak generation,solar,CSP_peak,2015,OM-fixed,15.77,CSP_peak (dry_hybrid)
peak generation,solar,CSP_peak,2021,OM-fixed,14.95,CSP_peak (dry_hybrid)
peak generation,solar,CSP_peak,2025,OM-fixed,13.47,CSP_peak (dry_hybrid)
peak generation,solar,CSP_peak,2030,OM-fixed,11.02,CSP_peak (dry_hybrid)
peak generation,solar,CSP_peak,2035,OM-fixed,10.87,CSP_peak (dry_hybrid)
peak generation,solar,CSP_peak,2040,OM-fixed,10.72,CSP_peak (dry_hybrid)
peak generation,solar,CSP_peak,2045,OM-fixed,10.57,CSP_peak (dry_hybrid)
peak generation,solar,CSP_peak,2050,OM-fixed,10.42,CSP_peak (dry_hybrid)
peak generation,solar,CSP_peak,2055,OM-fixed,10.36,CSP_peak (dry_hybrid)
peak generation,solar,CSP_peak,2060,OM-fixed,10.31,CSP_peak (dry_hybrid)
peak generation,solar,CSP_peak,2065,OM-fixed,10.26,CSP_peak (dry_hybrid)
peak generation,solar,CSP_peak,2070,OM-fixed,10.21,CSP_peak (dry_hybrid)
peak generation,solar,CSP_peak,2075,OM-fixed,10.16,CSP_peak (dry_hybrid)
peak generation,solar,CSP_peak,2080,OM-fixed,10.11,CSP_peak (dry_hybrid)
peak generation,solar,CSP_peak,2085,OM-fixed,10.06,CSP_peak (dry_hybrid)
peak generation,solar,CSP_peak,2090,OM-fixed,10.01,CSP_peak (dry_hybrid)
peak generation,solar,CSP_peak,2095,OM-fixed,9.96,CSP_peak (dry_hybrid)
peak generation,solar,CSP_peak,2100,OM-fixed,9.91,CSP_peak (dry_hybrid)
peak generation,solar,CSP_peak,1975,OM-fixed,15.77,CSP_peak (recirculating)
peak generation,solar,CSP_peak,1990,OM-fixed,15.77,CSP_peak (recirculating)
peak generation,solar,CSP_peak,2005,OM-fixed,15.77,CSP_peak (recirculating)
peak generation,solar,CSP_peak,2010,OM-fixed,15.77,CSP_peak (recirculating)
peak generation,solar,CSP_peak,2015,OM-fixed,15.77,CSP_peak (recirculating)
peak generation,solar,CSP_peak,2021,OM-fixed,14.95,CSP_peak (recirculating)
peak generation,solar,CSP_peak,2025,OM-fixed,13.47,CSP_peak (recirculating)
peak generation,solar,CSP_peak,2030,OM-fixed,11.02,CSP_peak (recirculating)
peak generation,solar,CSP_peak,2035,OM-fixed,10.87,CSP_peak (recirculating)
peak generation,solar,CSP_peak,2040,OM-fixed,10.72,CSP_peak (recirculating)
peak generation,solar,CSP_peak,2045,OM-fixed,10.57,CSP_peak (recirculating)
peak generation,solar,CSP_peak,2050,OM-fixed,10.42,CSP_peak (recirculating)
peak generation,solar,CSP_peak,2055,OM-fixed,10.36,CSP_peak (recirculating)
peak generation,solar,CSP_peak,2060,OM-fixed,10.31,CSP_peak (recirculating)
peak generation,solar,CSP_peak,2065,OM-fixed,10.26,CSP_peak (recirculating)
peak generation,solar,CSP_peak,2070,OM-fixed,10.21,CSP_peak (recirculating)
peak generation,solar,CSP_peak,2075,OM-fixed,10.16,CSP_peak (recirculating)
peak generation,solar,CSP_peak,2080,OM-fixed,10.11,CSP_peak (recirculating)
peak generation,solar,CSP_peak,2085,OM-fixed,10.06,CSP_peak (recirculating)
peak generation,solar,CSP_peak,2090,OM-fixed,10.01,CSP_peak (recirculating)
peak generation,solar,CSP_peak,2095,OM-fixed,9.96,CSP_peak (recirculating)
peak generation,solar,CSP_peak,2100,OM-fixed,9.91,CSP_peak (recirculating)
peak generation,solar,PV_peak,1975,OM-fixed,8.41,PV_peak
peak generation,solar,PV_peak,1990,OM-fixed,8.41,PV_peak
peak generation,solar,PV_peak,2005,OM-fixed,8.41,PV_peak
peak generation,solar,PV_peak,2010,OM-fixed,8.41,PV_peak
peak generation,solar,PV_peak,2015,OM-fixed,7.69,PV_peak
peak generation,solar,PV_peak,2021,OM-fixed,5.73,PV_peak
peak generation,solar,PV_peak,2025,OM-fixed,4.95,PV_peak
peak generation,solar,PV_peak,2030,OM-fixed,4.24,PV_peak
peak generation,solar,PV_peak,2035,OM-fixed,3.54,PV_peak
peak generation,solar,PV_peak,2040,OM-fixed,3.36,PV_peak
peak generation,solar,PV_peak,2045,OM-fixed,3.18,PV_peak
peak generation,solar,PV_peak,2050,OM-fixed,3.01,PV_peak
peak generation,solar,PV_peak,2055,OM-fixed,2.99,PV_peak
peak generation,solar,PV_peak,2060,OM-fixed,2.98,PV_peak
peak generation,solar,PV_peak,2065,OM-fixed,2.96,PV_peak
peak generation,solar,PV_peak,2070,OM-fixed,2.95,PV_peak
peak generation,solar,PV_peak,2075,OM-fixed,2.93,PV_peak
peak generation,solar,PV_peak,2080,OM-fixed,2.92,PV_peak
peak generation,solar,PV_peak,2085,OM-fixed,2.9,PV_peak
peak generation,solar,PV_peak,2090,OM-fixed,2.89,PV_peak
peak generation,solar,PV_peak,2095,OM-fixed,2.88,PV_peak
peak generation,solar,PV_peak,2100,OM-fixed,2.86,PV_peak
subpeak generation,solar,CSP_subpeak,1975,OM-fixed,15.77,CSP_subpeak (dry_hybrid)
subpeak generation,solar,CSP_subpeak,1990,OM-fixed,15.77,CSP_subpeak (dry_hybrid)
subpeak generation,solar,CSP_subpeak,2005,OM-fixed,15.77,CSP_subpeak (dry_hybrid)
subpeak generation,solar,CSP_subpeak,2010,OM-fixed,15.77,CSP_subpeak (dry_hybrid)
subpeak generation,solar,CSP_subpeak,2015,OM-fixed,15.77,CSP_subpeak (dry_hybrid)
subpeak generation,solar,CSP_subpeak,2021,OM-fixed,14.95,CSP_subpeak (dry_hybrid)
subpeak generation,solar,CSP_subpeak,2025,OM-fixed,13.47,CSP_subpeak (dry_hybrid)
subpeak generation,solar,CSP_subpeak,2030,OM-fixed,11.02,CSP_subpeak (dry_hybrid)
subpeak generation,solar,CSP_subpeak,2035,OM-fixed,10.87,CSP_subpeak (dry_hybrid)
subpeak generation,solar,CSP_subpeak,2040,OM-fixed,10.72,CSP_subpeak (dry_hybrid)
subpeak generation,solar,CSP_subpeak,2045,OM-fixed,10.57,CSP_subpeak (dry_hybrid)
subpeak generation,solar,CSP_subpeak,2050,OM-fixed,10.42,CSP_subpeak (dry_hybrid)
subpeak generation,solar,CSP_subpeak,2055,OM-fixed,10.36,CSP_subpeak (dry_hybrid)
subpeak generation,solar,CSP_subpeak,2060,OM-fixed,10.31,CSP_subpeak (dry_hybrid)
subpeak generation,solar,CSP_subpeak,2065,OM-fixed,10.26,CSP_subpeak (dry_hybrid)
subpeak generation,solar,CSP_subpeak,2070,OM-fixed,10.21,CSP_subpeak (dry_hybrid)
subpeak generation,solar,CSP_subpeak,2075,OM-fixed,10.16,CSP_subpeak (dry_hybrid)
subpeak generation,solar,CSP_subpeak,2080,OM-fixed,10.11,CSP_subpeak (dry_hybrid)
subpeak generation,solar,CSP_subpeak,2085,OM-fixed,10.06,CSP_subpeak (dry_hybrid)
subpeak generation,solar,CSP_subpeak,2090,OM-fixed,10.01,CSP_subpeak (dry_hybrid)
subpeak generation,solar,CSP_subpeak,2095,OM-fixed,9.96,CSP_subpeak (dry_hybrid)
subpeak generation,solar,CSP_subpeak,2100,OM-fixed,9.91,CSP_subpeak (dry_hybrid)
subpeak generation,solar,CSP_subpeak,1975,OM-fixed,15.77,CSP_subpeak (recirculating)
subpeak generation,solar,CSP_subpeak,1990,OM-fixed,15.77,CSP_subpeak (recirculating)
subpeak generation,solar,CSP_subpeak,2005,OM-fixed,15.77,CSP_subpeak (recirculating)
subpeak generation,solar,CSP_subpeak,2010,OM-fixed,15.77,CSP_subpeak (recirculating)
subpeak generation,solar,CSP_subpeak,2015,OM-fixed,15.77,CSP_subpeak (recirculating)
subpeak generation,solar,CSP_subpeak,2021,OM-fixed,14.95,CSP_subpeak (recirculating)
subpeak generation,solar,CSP_subpeak,2025,OM-fixed,13.47,CSP_subpeak (recirculating)
subpeak generation,solar,CSP_subpeak,2030,OM-fixed,11.02,CSP_subpeak (recirculating)
subpeak generation,solar,CSP_subpeak,2035,OM-fixed,10.87,CSP_subpeak (recirculating)
subpeak generation,solar,CSP_subpeak,2040,OM-fixed,10.72,CSP_subpeak (recirculating)
subpeak generation,solar,CSP_subpeak,2045,OM-fixed,10.57,CSP_subpeak (recirculating)
subpeak generation,solar,CSP_subpeak,2050,OM-fixed,10.42,CSP_subpeak (recirculating)
subpeak generation,solar,CSP_subpeak,2055,OM-fixed,10.36,CSP_subpeak (recirculating)
subpeak generation,solar,CSP_subpeak,2060,OM-fixed,10.31,CSP_subpeak (recirculating)
subpeak generation,solar,CSP_subpeak,2065,OM-fixed,10.26,CSP_subpeak (recirculating)
subpeak generation,solar,CSP_subpeak,2070,OM-fixed,10.21,CSP_subpeak (recirculating)
subpeak generation,solar,CSP_subpeak,2075,OM-fixed,10.16,CSP_subpeak (recirculating)
subpeak generation,solar,CSP_subpeak,2080,OM-fixed,10.11,CSP_subpeak (recirculating)
subpeak generation,solar,CSP_subpeak,2085,OM-fixed,10.06,CSP_subpeak (recirculating)
subpeak generation,solar,CSP_subpeak,2090,OM-fixed,10.01,CSP_subpeak (recirculating)
subpeak generation,solar,CSP_subpeak,2095,OM-fixed,9.96,CSP_subpeak (recirculating)
subpeak generation,solar,CSP_subpeak,2100,OM-fixed,9.91,CSP_subpeak (recirculating)
subpeak generation,solar,PV_subpeak,1975,OM-fixed,8.41,PV_subpeak
subpeak generation,solar,PV_subpeak,1990,OM-fixed,8.41,PV_subpeak
subpeak generation,solar,PV_subpeak,2005,OM-fixed,8.41,PV_subpeak
subpeak generation,solar,PV_subpeak,2010,OM-fixed,8.41,PV_subpeak
subpeak generation,solar,PV_subpeak,2015,OM-fixed,7.69,PV_subpeak
subpeak generation,solar,PV_subpeak,2021,OM-fixed,5.73,PV_subpeak
subpeak generation,solar,PV_subpeak,2025,OM-fixed,4.95,PV_subpeak
subpeak generation,solar,PV_subpeak,2030,OM-fixed,4.24,PV_subpeak
subpeak generation,solar,PV_subpeak,2035,OM-fixed,3.54,PV_subpeak
subpeak generation,solar,PV_subpeak,2040,OM-fixed,3.36,PV_subpeak
subpeak generation,solar,PV_subpeak,2045,OM-fixed,3.18,PV_subpeak
subpeak generation,solar,PV_subpeak,2050,OM-fixed,3.01,PV_subpeak
subpeak generation,solar,PV_subpeak,2055,OM-fixed,2.99,PV_subpeak
subpeak generation,solar,PV_subpeak,2060,OM-fixed,2.98,PV_subpeak
subpeak generation,solar,PV_subpeak,2065,OM-fixed,2.96,PV_subpeak
subpeak generation,solar,PV_subpeak,2070,OM-fixed,2.95,PV_subpeak
subpeak generation,solar,PV_subpeak,2075,OM-fixed,2.93,PV_subpeak
subpeak generation,solar,PV_subpeak,2080,OM-fixed,2.92,PV_subpeak
subpeak generation,solar,PV_subpeak,2085,OM-fixed,2.9,PV_subpeak
subpeak generation,solar,PV_subpeak,2090,OM-fixed,2.89,PV_subpeak
subpeak generation,solar,PV_subpeak,2095,OM-fixed,2.88,PV_subpeak
subpeak generation,solar,PV_subpeak,2100,OM-fixed,2.86,PV_subpeak
subpeak generation,wind,wind_subpeak,1975,OM-fixed,11.08,wind_subpeak
subpeak generation,wind,wind_subpeak,1990,OM-fixed,11.08,wind_subpeak
subpeak generation,wind,wind_subpeak,2005,OM-fixed,11.08,wind_subpeak
subpeak generation,wind,wind_subpeak,2010,OM-fixed,11.08,wind_subpeak
subpeak generation,wind,wind_subpeak,2015,OM-fixed,11.08,wind_subpeak
subpeak generation,wind,wind_subpeak,2021,OM-fixed,7.71,wind_subpeak
subpeak generation,wind,wind_subpeak,2025,OM-fixed,7.36,wind_subpeak
subpeak generation,wind,wind_subpeak,2030,OM-fixed,6.9,wind_subpeak
subpeak generation,wind,wind_subpeak,2035,OM-fixed,6.66,wind_subpeak
subpeak generation,wind,wind_subpeak,2040,OM-fixed,6.42,wind_subpeak
subpeak generation,wind,wind_subpeak,2045,OM-fixed,6.19,wind_subpeak
subpeak generation,wind,wind_subpeak,2050,OM-fixed,5.95,wind_subpeak
subpeak generation,wind,wind_subpeak,2055,OM-fixed,5.92,wind_subpeak
subpeak generation,wind,wind_subpeak,2060,OM-fixed,5.89,wind_subpeak
subpeak generation,wind,wind_subpeak,2065,OM-fixed,5.86,wind_subpeak
subpeak generation,wind,wind_subpeak,2070,OM-fixed,5.83,wind_subpeak
subpeak generation,wind,wind_subpeak,2075,OM-fixed,5.8,wind_subpeak
subpeak generation,wind,wind_subpeak,2080,OM-fixed,5.77,wind_subpeak
subpeak generation,wind,wind_subpeak,2085,OM-fixed,5.75,wind_subpeak
subpeak generation,wind,wind_subpeak,2090,OM-fixed,5.72,wind_subpeak
subpeak generation,wind,wind_subpeak,2095,OM-fixed,5.69,wind_subpeak
subpeak generation,wind,wind_subpeak,2100,OM-fixed,5.66,wind_subpeak
